# 환자 테이블(20개)
insert into patient (id, email, encrypted_password, name, born, phone_number, addr1, addr2, created_at, updated_at, deleted_at) values (1, 'gmccrone0@bigcartel.com', '697622', 'ehaugen0@yandex.ru', '1919-01-16', '010-3220-5995', '대구시 중구 삼덕동 678-90', 105, '2007-03-03', null, null);
insert into patient (id, email, encrypted_password, name, born, phone_number, addr1, addr2, created_at, updated_at, deleted_at) values (2, 'bnayer1@mail.ru', '691010', 'pabden1@tuttocitta.it', '1922-01-01', '010-2205-6791', '서울시 강남구 역삼동 123-45', 101, '2011-11-10', '2002-11-23', null);
insert into patient (id, email, encrypted_password, name, born, phone_number, addr1, addr2, created_at, updated_at, deleted_at) values (3, 'aeades2@abc.net.au', '161539', 'aesbrook2@cargocollective.com', '1975-12-20', '010-0238-0029', '서울시 강남구 역삼동 123-45', 105, '2017-07-06', '2008-02-29', null);
insert into patient (id, email, encrypted_password, name, born, phone_number, addr1, addr2, created_at, updated_at, deleted_at) values (4, 'prodge3@opera.com', '984204', 'tforan3@privacy.gov.au', '2013-09-11', '010-7510-8315', '대구시 중구 삼덕동 678-90', 103, '2018-09-12', '2013-09-12', null);
insert into patient (id, email, encrypted_password, name, born, phone_number, addr1, addr2, created_at, updated_at, deleted_at) values (5, 'boles4@bravesites.com', '268791', 'wwilcocks4@icio.us', '2001-06-03', '010-5195-7864', '서울시 강남구 역삼동 123-45', 105, '2017-10-31', null, '2013-03-24');
insert into patient (id, email, encrypted_password, name, born, phone_number, addr1, addr2, created_at, updated_at, deleted_at) values (6, 'dwestman5@gizmodo.com', '321542', 'kmumbray5@foxnews.com', '1977-05-20', '010-1325-0407', '서울시 강남구 역삼동 123-45', 102, '2016-11-21', '2007-09-13', null);
insert into patient (id, email, encrypted_password, name, born, phone_number, addr1, addr2, created_at, updated_at, deleted_at) values (7, 'jmcmanamon6@amazon.co.uk', '184519', 'rmidgely6@addtoany.com', '1959-09-28', '010-3938-4085', '서울시 강남구 역삼동 123-45', 103, '2003-08-26', null, null);
insert into patient (id, email, encrypted_password, name, born, phone_number, addr1, addr2, created_at, updated_at, deleted_at) values (8, 'seadington7@theatlantic.com', '729604', 'jjedraszek7@auda.org.au', '1982-11-11', '010-9307-4847', '대구시 중구 삼덕동 678-90', 103, '2005-01-01', '2015-12-18', null);
insert into patient (id, email, encrypted_password, name, born, phone_number, addr1, addr2, created_at, updated_at, deleted_at) values (9, 'mjeckells8@google.com', '173498', 'gknights8@vimeo.com', '1905-05-28', '010-9302-4260', '부산시 해운대구 우동 543-21', 103, '2004-10-23', null, null);
insert into patient (id, email, encrypted_password, name, born, phone_number, addr1, addr2, created_at, updated_at, deleted_at) values (10, 'elintott9@123-reg.co.uk', '187497', 'khadkins9@fastcompany.com', '1919-03-06', '010-9257-6818', '부산시 해운대구 우동 543-21', 102, '2020-10-13', '2017-04-07', null);
insert into patient (id, email, encrypted_password, name, born, phone_number, addr1, addr2, created_at, updated_at, deleted_at) values (11, 'nfaasa@nsw.gov.au', '927418', 'poleshunina@google.fr', '1934-12-17', '010-5012-0527', '대구시 중구 삼덕동 678-90', 105, '2008-04-22', '2008-11-16', null);
insert into patient (id, email, encrypted_password, name, born, phone_number, addr1, addr2, created_at, updated_at, deleted_at) values (12, 'dbalshenb@arstechnica.com', '678863', 'bbeaversb@usa.gov', '2003-06-04', '010-5523-2909', '부산시 해운대구 우동 543-21', 102, '2009-10-20', null, null);
insert into patient (id, email, encrypted_password, name, born, phone_number, addr1, addr2, created_at, updated_at, deleted_at) values (13, 'ghitzschkec@webeden.co.uk', '186703', 'wliffeyc@pen.io', '1925-09-11', '010-8048-7173', '서울시 강남구 역삼동 123-45', 103, '2003-08-28', null, null);
insert into patient (id, email, encrypted_password, name, born, phone_number, addr1, addr2, created_at, updated_at, deleted_at) values (14, 'wduhigd@edublogs.org', '344036', 'dtremathickd@qq.com', '1984-12-01', '010-7222-3901', '서울시 강남구 역삼동 123-45', 105, '2006-01-07', null, null);
insert into patient (id, email, encrypted_password, name, born, phone_number, addr1, addr2, created_at, updated_at, deleted_at) values (15, 'gshonee@feedburner.com', '305529', 'rmcfadee@wsj.com', '1982-09-30', '010-6690-7438', '부산시 해운대구 우동 543-21', 102, '2017-08-05', '2013-11-03', null);
insert into patient (id, email, encrypted_password, name, born, phone_number, addr1, addr2, created_at, updated_at, deleted_at) values (16, 'twishkarf@weebly.com', '576024', 'crushbyf@springer.com', '1906-08-24', '010-7500-0595', '서울시 강남구 역삼동 123-45', 101, '2009-04-04', '2012-09-08', '2011-09-24');
insert into patient (id, email, encrypted_password, name, born, phone_number, addr1, addr2, created_at, updated_at, deleted_at) values (17, 'ibaythropg@utexas.edu', '294163', 'dokelleherg@yandex.ru', '1978-06-19', '010-7364-0372', '대구시 중구 삼덕동 678-90', 104, '2013-04-26', '2005-05-07', null);
insert into patient (id, email, encrypted_password, name, born, phone_number, addr1, addr2, created_at, updated_at, deleted_at) values (18, 'fspareyh@statcounter.com', '922887', 'lbriatth@surveymonkey.com', '1944-04-11', '010-3315-7129', '서울시 강남구 역삼동 123-45', 103, '2011-06-17', '2018-07-13', null);
insert into patient (id, email, encrypted_password, name, born, phone_number, addr1, addr2, created_at, updated_at, deleted_at) values (19, 'ncozzii@pagesperso-orange.fr', '894235', 'mheffordi@nps.gov', '1994-05-30', '010-0044-5341', '부산시 해운대구 우동 543-21', 103, '2018-01-20', '2008-05-31', null);
insert into patient (id, email, encrypted_password, name, born, phone_number, addr1, addr2, created_at, updated_at, deleted_at) values (20, 'kbalshenj@home.pl', '402593', 'ccolquhounj@mac.com', '2006-04-07', '010-4381-7362', '부산시 해운대구 우동 543-21', 102, '2007-10-01', null, null);

# 의사 테이블(20개)
insert into doctor (id, email, encrypted_password, major, phone_number, code, created_at, updated_at, deleted_at) values (1, 'dlago0@buzzfeed.com', '686810', '내과', '010-7660-2465', 'PLS-324-YH', '2020-02-10', null, null);
insert into doctor (id, email, encrypted_password, major, phone_number, code, created_at, updated_at, deleted_at) values (2, 'slovelace1@nba.com', '405559', '정형외과', '010-7874-1786', 'AGB-949-JN', '2012-12-24', null, null);
insert into doctor (id, email, encrypted_password, major, phone_number, code, created_at, updated_at, deleted_at) values (3, 'melcock2@cisco.com', '835689', '피부과', '010-2547-5226', 'SOD-396-GE', '2019-10-14', null, '2011-09-01');
insert into doctor (id, email, encrypted_password, major, phone_number, code, created_at, updated_at, deleted_at) values (4, 'idespenser3@photobucket.com', '361596', '외과', '010-3023-8924', 'JOB-637-MX', '2007-03-10', null, '2017-09-04');
insert into doctor (id, email, encrypted_password, major, phone_number, code, created_at, updated_at, deleted_at) values (5, 'eabsalom4@a8.net', '378936', '정형외과', '010-1109-9584', 'UBD-216-KF', '2008-05-11', null, null);
insert into doctor (id, email, encrypted_password, major, phone_number, code, created_at, updated_at, deleted_at) values (6, 'aandrieux5@thetimes.co.uk', '601146', '정형외과', '010-5446-6668', 'NTJ-688-HK', '2001-12-01', null, '2004-04-14');
insert into doctor (id, email, encrypted_password, major, phone_number, code, created_at, updated_at, deleted_at) values (7, 'btremellier6@hhs.gov', '728468', '소아과', '010-8911-1139', 'EXG-006-NE', '2016-02-25', null, null);
insert into doctor (id, email, encrypted_password, major, phone_number, code, created_at, updated_at, deleted_at) values (8, 'mmcelhargy7@com.com', '880067', '외과', '010-5657-2311', 'NJG-327-MO', '2016-11-06', '2019-07-11', '2009-09-03');
insert into doctor (id, email, encrypted_password, major, phone_number, code, created_at, updated_at, deleted_at) values (9, 'htrehearn8@cnn.com', '124062', '외과', '010-3857-8132', 'FWI-875-VY', '2006-09-18', '2010-10-21', null);
insert into doctor (id, email, encrypted_password, major, phone_number, code, created_at, updated_at, deleted_at) values (10, 'djanek9@uol.com.br', '451400', '내과', '010-7595-1407', 'HBD-727-LI', '2005-05-03', '2004-06-11', '2007-12-10');
insert into doctor (id, email, encrypted_password, major, phone_number, code, created_at, updated_at, deleted_at) values (11, 'bmacgillivraya@comsenz.com', '367941', '정형외과', '010-8257-9358', 'PXI-476-NH', '2009-04-01', '2018-01-05', '2006-10-17');
insert into doctor (id, email, encrypted_password, major, phone_number, code, created_at, updated_at, deleted_at) values (12, 'agiacomazzob@intel.com', '807328', '소아과', '010-9200-3325', 'HII-748-EG', '2006-09-18', null, null);
insert into doctor (id, email, encrypted_password, major, phone_number, code, created_at, updated_at, deleted_at) values (13, 'kstrathdeec@squarespace.com', '494141', '내과', '010-6441-3552', 'IVS-735-CI', '2008-01-23', '2001-06-04', null);
insert into doctor (id, email, encrypted_password, major, phone_number, code, created_at, updated_at, deleted_at) values (14, 'lpleumand@weebly.com', '880825', '정형외과', '010-3326-2271', 'NYH-431-AH', '2009-12-17', null, null);
insert into doctor (id, email, encrypted_password, major, phone_number, code, created_at, updated_at, deleted_at) values (15, 'aharnette@house.gov', '463049', '내과', '010-2581-1764', 'ECS-312-XF', '2019-09-11', '2008-04-26', '2017-04-10');
insert into doctor (id, email, encrypted_password, major, phone_number, code, created_at, updated_at, deleted_at) values (16, 'wpalekf@ucla.edu', '748200', '정형외과', '010-5817-9454', 'TLG-521-GZ', '2008-02-04', '2014-04-28', null);
insert into doctor (id, email, encrypted_password, major, phone_number, code, created_at, updated_at, deleted_at) values (17, 'jginnetyg@canalblog.com', '168458', '정형외과', '010-8723-5309', 'HMM-455-DN', '2017-05-08', '2002-10-18', null);
insert into doctor (id, email, encrypted_password, major, phone_number, code, created_at, updated_at, deleted_at) values (18, 'lscholeyh@nymag.com', '637451', '외과', '010-0471-6172', 'CHQ-667-RX', '2018-05-06', '2018-07-13', '2018-09-30');
insert into doctor (id, email, encrypted_password, major, phone_number, code, created_at, updated_at, deleted_at) values (19, 'agirardini@uol.com.br', '432780', '정형외과', '010-6510-9959', 'KBG-410-GS', '2016-11-30', null, null);
insert into doctor (id, email, encrypted_password, major, phone_number, code, created_at, updated_at, deleted_at) values (20, 'aoldacrej@devhub.com', '460067', '내과', '010-5637-2281', 'VXW-274-HY', '2016-02-24', null, '2010-09-20');

# 연결 코드(20개)
insert into connect (id, patient_id, doctor_id, created_at, updated_at, deleted_at) values (1, 10, 16, '2012-06-13', null, null);
insert into connect (id, patient_id, doctor_id, created_at, updated_at, deleted_at) values (2, 4, 18, '2018-04-23', '2011-01-11', null);
insert into connect (id, patient_id, doctor_id, created_at, updated_at, deleted_at) values (3, 12, 19, '2020-08-15', '2018-10-04', null);
insert into connect (id, patient_id, doctor_id, created_at, updated_at, deleted_at) values (4, 17, 19, '2014-03-16', '2010-11-14', null);
insert into connect (id, patient_id, doctor_id, created_at, updated_at, deleted_at) values (5, 9, 3, '2019-09-02', null, null);
insert into connect (id, patient_id, doctor_id, created_at, updated_at, deleted_at) values (6, 11, 16, '2018-01-10', '2003-01-25', '2013-04-08');
insert into connect (id, patient_id, doctor_id, created_at, updated_at, deleted_at) values (7, 18, 19, '2011-04-08', null, null);
insert into connect (id, patient_id, doctor_id, created_at, updated_at, deleted_at) values (8, 13, 18, '2014-08-30', '2005-09-04', null);
insert into connect (id, patient_id, doctor_id, created_at, updated_at, deleted_at) values (9, 5, 12, '2020-06-30', null, null);
insert into connect (id, patient_id, doctor_id, created_at, updated_at, deleted_at) values (10, 10, 2, '2019-05-21', null, '2005-02-14');
insert into connect (id, patient_id, doctor_id, created_at, updated_at, deleted_at) values (11, 18, 6, '2019-10-26', '2016-09-20', null);
insert into connect (id, patient_id, doctor_id, created_at, updated_at, deleted_at) values (12, 11, 6, '2016-10-25', null, null);
insert into connect (id, patient_id, doctor_id, created_at, updated_at, deleted_at) values (13, 3, 19, '2011-08-03', '2018-04-04', null);
insert into connect (id, patient_id, doctor_id, created_at, updated_at, deleted_at) values (14, 6, 5, '2017-09-13', null, '2003-10-30');
insert into connect (id, patient_id, doctor_id, created_at, updated_at, deleted_at) values (15, 12, 9, '2010-07-26', null, null);
insert into connect (id, patient_id, doctor_id, created_at, updated_at, deleted_at) values (16, 8, 11, '2014-05-05', null, null);
insert into connect (id, patient_id, doctor_id, created_at, updated_at, deleted_at) values (17, 15, 2, '2021-01-08', '2015-09-17', null);
insert into connect (id, patient_id, doctor_id, created_at, updated_at, deleted_at) values (18, 8, 9, '2017-10-04', null, null);
insert into connect (id, patient_id, doctor_id, created_at, updated_at, deleted_at) values (19, 17, 12, '2020-10-31', '2008-02-10', null);
insert into connect (id, patient_id, doctor_id, created_at, updated_at, deleted_at) values (20, 18, 9, '2017-02-09', '2009-10-27', null);

## 일기(50개)
insert into diary (id, title, is_walk, is_stretching, take_medicine, content, is_public, like_count, created_at, updated_at, deleted_at, patient_id) values (1, '환자 일기 2', true, false, '식사 후', '증상: 두통', false, 121, '2016-10-14', '2005-08-02', null, 9);
insert into diary (id, title, is_walk, is_stretching, take_medicine, content, is_public, like_count, created_at, updated_at, deleted_at, patient_id) values (2, '환자 일기 4', false, true, '식사 후', '증상: 두통', false, 199, '2014-11-27', null, null, 17);
insert into diary (id, title, is_walk, is_stretching, take_medicine, content, is_public, like_count, created_at, updated_at, deleted_at, patient_id) values (3, '환자 일기 3', true, true, '식사 후', '증상: 구토', true, 394, '2012-05-10', '2010-04-13', null, 4);
insert into diary (id, title, is_walk, is_stretching, take_medicine, content, is_public, like_count, created_at, updated_at, deleted_at, patient_id) values (4, '환자 일기 5', false, false, '매일 아침', '메모: 음식 섭취 자제', false, 16, '2016-03-21', null, null, 10);
insert into diary (id, title, is_walk, is_stretching, take_medicine, content, is_public, like_count, created_at, updated_at, deleted_at, patient_id) values (5, '환자 일기 4', false, true, '매일 저녁', '증상: 열', true, 0, '2016-09-07', '2011-04-23', null, 5);
insert into diary (id, title, is_walk, is_stretching, take_medicine, content, is_public, like_count, created_at, updated_at, deleted_at, patient_id) values (6, '환자 일기 1', false, true, '매일 저녁', '메모: 휴식 권유', true, 403, '2008-04-16', null, null, 9);
insert into diary (id, title, is_walk, is_stretching, take_medicine, content, is_public, like_count, created_at, updated_at, deleted_at, patient_id) values (7, '환자 일기 1', false, false, '식사 후', '메모: 휴식 권유', true, 236, '2015-02-06', null, null, 12);
insert into diary (id, title, is_walk, is_stretching, take_medicine, content, is_public, like_count, created_at, updated_at, deleted_at, patient_id) values (8, '환자 일기 2', false, false, '매일 아침', '증상: 열', false, 195, '2009-12-03', '2013-06-12', null, 10);
insert into diary (id, title, is_walk, is_stretching, take_medicine, content, is_public, like_count, created_at, updated_at, deleted_at, patient_id) values (9, '환자 일기 3', true, false, '매일 아침', '증상: 구토', true, 333, '2016-11-16', '2010-08-31', null, 4);
insert into diary (id, title, is_walk, is_stretching, take_medicine, content, is_public, like_count, created_at, updated_at, deleted_at, patient_id) values (10, '환자 일기 5', false, true, '식사 후', '증상: 두통', false, 294, '2002-05-23', null, null, 7);
insert into diary (id, title, is_walk, is_stretching, take_medicine, content, is_public, like_count, created_at, updated_at, deleted_at, patient_id) values (11, '환자 일기 3', true, true, '매일 저녁', '메모: 휴식 권유', false, 225, '2002-02-12', '2017-01-16', null, 3);
insert into diary (id, title, is_walk, is_stretching, take_medicine, content, is_public, like_count, created_at, updated_at, deleted_at, patient_id) values (12, '환자 일기 5', false, true, '식사 후', '메모: 약 복용 함', true, 123, '2013-06-09', '2011-02-23', null, 8);
insert into diary (id, title, is_walk, is_stretching, take_medicine, content, is_public, like_count, created_at, updated_at, deleted_at, patient_id) values (13, '환자 일기 2', true, false, '매일 저녁', '증상: 열', false, 116, '2018-06-15', null, '2012-02-21', 17);
insert into diary (id, title, is_walk, is_stretching, take_medicine, content, is_public, like_count, created_at, updated_at, deleted_at, patient_id) values (14, '환자 일기 4', true, true, '식사 후', '메모: 휴식 권유', true, 216, '2017-02-21', '2012-09-11', '2011-09-15', 20);
insert into diary (id, title, is_walk, is_stretching, take_medicine, content, is_public, like_count, created_at, updated_at, deleted_at, patient_id) values (15, '환자 일기 4', true, true, '매일 아침', '메모: 약 복용 함', true, 379, '2020-07-26', null, null, 8);
insert into diary (id, title, is_walk, is_stretching, take_medicine, content, is_public, like_count, created_at, updated_at, deleted_at, patient_id) values (16, '환자 일기 4', true, false, '매일 아침', '메모: 약 복용 함', true, 432, '2020-06-12', null, null, 6);
insert into diary (id, title, is_walk, is_stretching, take_medicine, content, is_public, like_count, created_at, updated_at, deleted_at, patient_id) values (17, '환자 일기 5', true, false, '식사 후', '메모: 음식 섭취 자제', false, 72, '2013-07-17', null, null, 5);
insert into diary (id, title, is_walk, is_stretching, take_medicine, content, is_public, like_count, created_at, updated_at, deleted_at, patient_id) values (18, '환자 일기 5', false, true, '매일 아침', '증상: 두통', false, 127, '2001-04-21', '2020-10-04', null, 6);
insert into diary (id, title, is_walk, is_stretching, take_medicine, content, is_public, like_count, created_at, updated_at, deleted_at, patient_id) values (19, '환자 일기 4', true, true, '식사 후', '증상: 열', false, 102, '2006-08-30', '2013-11-21', null, 8);
insert into diary (id, title, is_walk, is_stretching, take_medicine, content, is_public, like_count, created_at, updated_at, deleted_at, patient_id) values (20, '환자 일기 4', false, false, '매일 저녁', '증상: 구토', false, 482, '2018-03-03', '2001-09-20', null, 10);
insert into diary (id, title, is_walk, is_stretching, take_medicine, content, is_public, like_count, created_at, updated_at, deleted_at, patient_id) values (21, '환자 일기 5', true, false, '매일 아침', '메모: 휴식 권유', true, 132, '2013-01-27', '2005-09-17', '2017-07-31', 11);
insert into diary (id, title, is_walk, is_stretching, take_medicine, content, is_public, like_count, created_at, updated_at, deleted_at, patient_id) values (22, '환자 일기 2', false, false, '매일 저녁', '메모: 약 복용 함', true, 79, '2015-01-15', null, '2010-08-14', 6);
insert into diary (id, title, is_walk, is_stretching, take_medicine, content, is_public, like_count, created_at, updated_at, deleted_at, patient_id) values (23, '환자 일기 5', true, true, '매일 저녁', '메모: 음식 섭취 자제', true, 395, '2009-02-11', '2004-05-03', null, 20);
insert into diary (id, title, is_walk, is_stretching, take_medicine, content, is_public, like_count, created_at, updated_at, deleted_at, patient_id) values (24, '환자 일기 2', false, true, '매일 저녁', '증상: 두통', false, 19, '2019-09-15', null, null, 17);
insert into diary (id, title, is_walk, is_stretching, take_medicine, content, is_public, like_count, created_at, updated_at, deleted_at, patient_id) values (25, '환자 일기 1', true, true, '매일 아침', '증상: 구토', false, 308, '2020-02-19', null, null, 20);
insert into diary (id, title, is_walk, is_stretching, take_medicine, content, is_public, like_count, created_at, updated_at, deleted_at, patient_id) values (26, '환자 일기 5', false, true, '식사 후', '메모: 음식 섭취 자제', false, 158, '2006-11-07', '2002-12-09', null, 13);
insert into diary (id, title, is_walk, is_stretching, take_medicine, content, is_public, like_count, created_at, updated_at, deleted_at, patient_id) values (27, '환자 일기 5', true, true, '매일 아침', '메모: 음식 섭취 자제', true, 201, '2019-11-10', null, '2012-04-07', 14);
insert into diary (id, title, is_walk, is_stretching, take_medicine, content, is_public, like_count, created_at, updated_at, deleted_at, patient_id) values (28, '환자 일기 3', false, true, '매일 아침', '증상: 두통', true, 122, '2009-07-22', null, null, 17);
insert into diary (id, title, is_walk, is_stretching, take_medicine, content, is_public, like_count, created_at, updated_at, deleted_at, patient_id) values (29, '환자 일기 5', true, false, '식사 후', '메모: 음식 섭취 자제', true, 425, '2019-06-28', '2009-08-15', null, 17);
insert into diary (id, title, is_walk, is_stretching, take_medicine, content, is_public, like_count, created_at, updated_at, deleted_at, patient_id) values (30, '환자 일기 2', false, false, '매일 저녁', '증상: 구토', true, 6, '2008-04-16', '2016-04-08', null, 18);

# 일기 좋아요(50개)
insert into diary_like (id, diary_id, patient_id) values (1, 26, 5);
insert into diary_like (id, diary_id, patient_id) values (2, 10, 14);
insert into diary_like (id, diary_id, patient_id) values (3, 9, 11);
insert into diary_like (id, diary_id, patient_id) values (4, 3, 13);
insert into diary_like (id, diary_id, patient_id) values (5, 12, 13);
insert into diary_like (id, diary_id, patient_id) values (6, 7, 17);
insert into diary_like (id, diary_id, patient_id) values (7, 30, 17);
insert into diary_like (id, diary_id, patient_id) values (8, 2, 9);
insert into diary_like (id, diary_id, patient_id) values (9, 6, 9);
insert into diary_like (id, diary_id, patient_id) values (10, 25, 3);
insert into diary_like (id, diary_id, patient_id) values (11, 7, 14);
insert into diary_like (id, diary_id, patient_id) values (12, 27, 17);
insert into diary_like (id, diary_id, patient_id) values (13, 9, 12);
insert into diary_like (id, diary_id, patient_id) values (14, 2, 10);
insert into diary_like (id, diary_id, patient_id) values (15, 2, 8);
insert into diary_like (id, diary_id, patient_id) values (16, 9, 18);
insert into diary_like (id, diary_id, patient_id) values (17, 11, 8);
insert into diary_like (id, diary_id, patient_id) values (18, 6, 13);
insert into diary_like (id, diary_id, patient_id) values (19, 5, 20);
insert into diary_like (id, diary_id, patient_id) values (20, 3, 15);
insert into diary_like (id, diary_id, patient_id) values (21, 20, 13);
insert into diary_like (id, diary_id, patient_id) values (22, 26, 7);
insert into diary_like (id, diary_id, patient_id) values (23, 3, 5);
insert into diary_like (id, diary_id, patient_id) values (24, 9, 6);
insert into diary_like (id, diary_id, patient_id) values (25, 14, 6);
insert into diary_like (id, diary_id, patient_id) values (26, 12, 17);
insert into diary_like (id, diary_id, patient_id) values (27, 8, 16);
insert into diary_like (id, diary_id, patient_id) values (28, 23, 7);
insert into diary_like (id, diary_id, patient_id) values (29, 16, 13);
insert into diary_like (id, diary_id, patient_id) values (30, 24, 8);
insert into diary_like (id, diary_id, patient_id) values (31, 30, 7);
insert into diary_like (id, diary_id, patient_id) values (32, 22, 15);
insert into diary_like (id, diary_id, patient_id) values (33, 28, 13);
insert into diary_like (id, diary_id, patient_id) values (34, 17, 14);
insert into diary_like (id, diary_id, patient_id) values (35, 17, 14);
insert into diary_like (id, diary_id, patient_id) values (36, 17, 6);
insert into diary_like (id, diary_id, patient_id) values (37, 19, 6);
insert into diary_like (id, diary_id, patient_id) values (38, 16, 9);
insert into diary_like (id, diary_id, patient_id) values (39, 9, 13);
insert into diary_like (id, diary_id, patient_id) values (40, 8, 9);
insert into diary_like (id, diary_id, patient_id) values (41, 9, 11);
insert into diary_like (id, diary_id, patient_id) values (42, 19, 20);
insert into diary_like (id, diary_id, patient_id) values (43, 12, 6);
insert into diary_like (id, diary_id, patient_id) values (44, 27, 2);
insert into diary_like (id, diary_id, patient_id) values (45, 29, 6);
insert into diary_like (id, diary_id, patient_id) values (46, 17, 12);
insert into diary_like (id, diary_id, patient_id) values (47, 30, 14);
insert into diary_like (id, diary_id, patient_id) values (48, 15, 4);
insert into diary_like (id, diary_id, patient_id) values (49, 18, 3);
insert into diary_like (id, diary_id, patient_id) values (50, 11, 6);

# 예약(50개)
insert into reservation (id, symptom, reservation_date, reservation_time, created_at, updated_at, deleted_at, patient_id, doctor_id) values (1, '열', '2022-02-11', '17:54', '2012-05-10', '2010-11-28', '2014-11-03', 2, 11);
insert into reservation (id, symptom, reservation_date, reservation_time, created_at, updated_at, deleted_at, patient_id, doctor_id) values (2, '열', '2022-11-11', '17:41', '2009-09-26', '2012-04-29', '2013-11-19', 10, 19);
insert into reservation (id, symptom, reservation_date, reservation_time, created_at, updated_at, deleted_at, patient_id, doctor_id) values (3, '복통', '2022-11-27', '8:09', '2004-08-26', '2006-10-02', '2005-05-24', 13, 15);
insert into reservation (id, symptom, reservation_date, reservation_time, created_at, updated_at, deleted_at, patient_id, doctor_id) values (4, '복통', '2022-05-14', '22:29', '2019-11-17', '2001-01-02', '2009-05-10', 4, 18);
insert into reservation (id, symptom, reservation_date, reservation_time, created_at, updated_at, deleted_at, patient_id, doctor_id) values (5, '기침', '2022-08-17', '17:06', '2012-03-05', '2003-04-29', '2014-02-09', 15, 20);
insert into reservation (id, symptom, reservation_date, reservation_time, created_at, updated_at, deleted_at, patient_id, doctor_id) values (6, '열', '2022-12-15', '20:51', '2011-04-04', '2007-01-06', '2005-12-09', 9, 10);
insert into reservation (id, symptom, reservation_date, reservation_time, created_at, updated_at, deleted_at, patient_id, doctor_id) values (7, '가래', '2022-03-28', '15:51', '2016-02-17', '2002-01-02', '2001-04-18', 20, 13);
insert into reservation (id, symptom, reservation_date, reservation_time, created_at, updated_at, deleted_at, patient_id, doctor_id) values (8, '두통', '2022-08-19', '11:57', '2016-06-04', '2015-09-29', '2013-01-01', 15, 20);
insert into reservation (id, symptom, reservation_date, reservation_time, created_at, updated_at, deleted_at, patient_id, doctor_id) values (9, '두통', '2022-08-15', '0:31', '2004-09-22', '2010-02-06', '2019-04-23', 3, 17);
insert into reservation (id, symptom, reservation_date, reservation_time, created_at, updated_at, deleted_at, patient_id, doctor_id) values (10, '열', '2022-11-19', '13:38', '2016-06-15', '2014-09-27', '2007-09-12', 11, 3);
insert into reservation (id, symptom, reservation_date, reservation_time, created_at, updated_at, deleted_at, patient_id, doctor_id) values (11, '복통', '2022-07-13', '15:25', '2012-07-28', '2001-09-02', '2009-08-21', 9, 8);
insert into reservation (id, symptom, reservation_date, reservation_time, created_at, updated_at, deleted_at, patient_id, doctor_id) values (12, '열', '2022-08-03', '19:58', '2016-01-02', '2008-03-26', '2019-05-31', 4, 2);
insert into reservation (id, symptom, reservation_date, reservation_time, created_at, updated_at, deleted_at, patient_id, doctor_id) values (13, '두통', '2022-03-27', '4:12', '2006-12-13', '2010-03-15', '2006-10-25', 9, 2);
insert into reservation (id, symptom, reservation_date, reservation_time, created_at, updated_at, deleted_at, patient_id, doctor_id) values (14, '열', '2022-12-13', '10:50', '2019-01-01', '2001-11-30', '2001-08-17', 3, 8);
insert into reservation (id, symptom, reservation_date, reservation_time, created_at, updated_at, deleted_at, patient_id, doctor_id) values (15, '기침', '2022-02-22', '23:09', '2016-11-07', '2003-06-20', '2002-07-17', 9, 7);
insert into reservation (id, symptom, reservation_date, reservation_time, created_at, updated_at, deleted_at, patient_id, doctor_id) values (16, '가래', '2022-08-17', '10:44', '2006-09-28', '2015-03-16', '2015-11-28', 9, 13);
insert into reservation (id, symptom, reservation_date, reservation_time, created_at, updated_at, deleted_at, patient_id, doctor_id) values (17, '두통', '2022-11-19', '15:08', '2012-08-26', '2019-02-13', '2012-07-30', 13, 14);
insert into reservation (id, symptom, reservation_date, reservation_time, created_at, updated_at, deleted_at, patient_id, doctor_id) values (18, '기침', '2022-11-05', '23:35', '2013-12-18', '2013-10-16', '2010-09-26', 18, 6);
insert into reservation (id, symptom, reservation_date, reservation_time, created_at, updated_at, deleted_at, patient_id, doctor_id) values (19, '기침', '2022-11-06', '18:35', '2003-08-08', '2012-04-18', '2017-02-26', 5, 12);
insert into reservation (id, symptom, reservation_date, reservation_time, created_at, updated_at, deleted_at, patient_id, doctor_id) values (20, '두통', '2022-10-12', '14:38', '2009-10-19', '2014-02-12', '2010-05-31', 5, 8);
insert into reservation (id, symptom, reservation_date, reservation_time, created_at, updated_at, deleted_at, patient_id, doctor_id) values (21, '복통', '2022-09-10', '20:28', '2020-01-03', '2005-07-30', '2007-04-22', 12, 17);
insert into reservation (id, symptom, reservation_date, reservation_time, created_at, updated_at, deleted_at, patient_id, doctor_id) values (22, '두통', '2022-02-03', '16:42', '2005-05-21', '2018-07-21', '2018-12-07', 16, 10);
insert into reservation (id, symptom, reservation_date, reservation_time, created_at, updated_at, deleted_at, patient_id, doctor_id) values (23, '복통', '2022-09-30', '3:33', '2014-06-02', '2017-01-21', '2008-11-04', 2, 7);
insert into reservation (id, symptom, reservation_date, reservation_time, created_at, updated_at, deleted_at, patient_id, doctor_id) values (24, '기침', '2022-11-16', '0:39', '2006-12-10', '2007-03-21', '2003-10-19', 19, 7);
insert into reservation (id, symptom, reservation_date, reservation_time, created_at, updated_at, deleted_at, patient_id, doctor_id) values (25, '가래', '2022-09-13', '9:35', '2001-09-16', '2009-04-07', '2020-11-14', 12, 12);
insert into reservation (id, symptom, reservation_date, reservation_time, created_at, updated_at, deleted_at, patient_id, doctor_id) values (26, '가래', '2022-11-18', '2:35', '2011-11-27', '2010-10-07', '2017-01-28', 8, 20);
insert into reservation (id, symptom, reservation_date, reservation_time, created_at, updated_at, deleted_at, patient_id, doctor_id) values (27, '두통', '2022-11-11', '12:54', '2019-04-23', '2018-04-20', '2020-07-16', 11, 20);
insert into reservation (id, symptom, reservation_date, reservation_time, created_at, updated_at, deleted_at, patient_id, doctor_id) values (28, '복통', '2022-03-08', '17:28', '2011-11-12', '2005-08-14', '2017-07-03', 15, 19);
insert into reservation (id, symptom, reservation_date, reservation_time, created_at, updated_at, deleted_at, patient_id, doctor_id) values (29, '기침', '2022-08-27', '5:00', '2001-10-03', '2009-09-23', '2001-03-10', 2, 17);
insert into reservation (id, symptom, reservation_date, reservation_time, created_at, updated_at, deleted_at, patient_id, doctor_id) values (30, '가래', '2022-09-12', '20:51', '2003-02-19', '2002-11-21', '2020-06-17', 7, 17);
insert into reservation (id, symptom, reservation_date, reservation_time, created_at, updated_at, deleted_at, patient_id, doctor_id) values (31, '두통', '2022-09-18', '14:37', '2002-02-27', '2012-11-03', '2005-04-13', 8, 17);
insert into reservation (id, symptom, reservation_date, reservation_time, created_at, updated_at, deleted_at, patient_id, doctor_id) values (32, '가래', '2022-07-09', '19:55', '2012-11-02', '2006-10-22', '2007-01-16', 16, 10);
insert into reservation (id, symptom, reservation_date, reservation_time, created_at, updated_at, deleted_at, patient_id, doctor_id) values (33, '가래', '2022-07-13', '4:23', '2017-06-14', '2012-01-11', '2018-11-05', 15, 6);
insert into reservation (id, symptom, reservation_date, reservation_time, created_at, updated_at, deleted_at, patient_id, doctor_id) values (34, '복통', '2022-05-11', '17:16', '2005-09-15', '2007-11-16', '2014-02-07', 7, 2);
insert into reservation (id, symptom, reservation_date, reservation_time, created_at, updated_at, deleted_at, patient_id, doctor_id) values (35, '두통', '2022-12-03', '21:44', '2005-09-30', '2004-07-09', '2004-08-13', 15, 17);
insert into reservation (id, symptom, reservation_date, reservation_time, created_at, updated_at, deleted_at, patient_id, doctor_id) values (36, '복통', '2022-09-24', '10:51', '2001-08-06', '2002-02-04', '2020-03-01', 12, 2);
insert into reservation (id, symptom, reservation_date, reservation_time, created_at, updated_at, deleted_at, patient_id, doctor_id) values (37, '복통', '2022-07-20', '4:02', '2009-09-10', '2010-05-15', '2008-12-07', 20, 20);
insert into reservation (id, symptom, reservation_date, reservation_time, created_at, updated_at, deleted_at, patient_id, doctor_id) values (38, '기침', '2022-02-15', '15:29', '2014-01-03', '2001-09-17', '2005-09-11', 18, 20);
insert into reservation (id, symptom, reservation_date, reservation_time, created_at, updated_at, deleted_at, patient_id, doctor_id) values (39, '가래', '2022-06-05', '11:37', '2005-05-09', '2007-02-19', '2019-05-07', 6, 17);
insert into reservation (id, symptom, reservation_date, reservation_time, created_at, updated_at, deleted_at, patient_id, doctor_id) values (40, '복통', '2022-01-29', '19:55', '2008-04-29', '2003-03-08', '2007-10-18', 19, 17);
insert into reservation (id, symptom, reservation_date, reservation_time, created_at, updated_at, deleted_at, patient_id, doctor_id) values (41, '복통', '2022-07-14', '20:10', '2006-03-02', '2009-05-11', '2015-06-24', 4, 14);
insert into reservation (id, symptom, reservation_date, reservation_time, created_at, updated_at, deleted_at, patient_id, doctor_id) values (42, '두통', '2022-07-16', '4:19', '2008-04-24', '2010-12-24', '2017-08-09', 16, 12);
insert into reservation (id, symptom, reservation_date, reservation_time, created_at, updated_at, deleted_at, patient_id, doctor_id) values (43, '복통', '2022-07-16', '15:45', '2007-02-14', '2012-04-27', '2011-12-27', 15, 16);
insert into reservation (id, symptom, reservation_date, reservation_time, created_at, updated_at, deleted_at, patient_id, doctor_id) values (44, '두통', '2022-08-11', '22:20', '2004-06-14', '2016-04-21', '2006-11-21', 7, 14);
insert into reservation (id, symptom, reservation_date, reservation_time, created_at, updated_at, deleted_at, patient_id, doctor_id) values (45, '열', '2022-02-15', '16:30', '2006-05-12', '2007-06-10', '2008-11-09', 17, 2);
insert into reservation (id, symptom, reservation_date, reservation_time, created_at, updated_at, deleted_at, patient_id, doctor_id) values (46, '복통', '2022-10-24', '20:44', '2001-07-14', '2011-05-15', '2014-09-30', 4, 10);
insert into reservation (id, symptom, reservation_date, reservation_time, created_at, updated_at, deleted_at, patient_id, doctor_id) values (47, '기침', '2022-04-04', '3:43', '2009-11-13', '2013-12-15', '2010-11-27', 7, 7);
insert into reservation (id, symptom, reservation_date, reservation_time, created_at, updated_at, deleted_at, patient_id, doctor_id) values (48, '복통', '2022-03-01', '1:19', '2015-05-07', '2015-10-06', '2001-08-11', 8, 19);
insert into reservation (id, symptom, reservation_date, reservation_time, created_at, updated_at, deleted_at, patient_id, doctor_id) values (49, '두통', '2022-03-07', '16:33', '2015-05-05', '2010-03-21', '2017-03-13', 14, 6);
insert into reservation (id, symptom, reservation_date, reservation_time, created_at, updated_at, deleted_at, patient_id, doctor_id) values (50, '복통', '2022-03-30', '6:11', '2007-01-03', '2012-06-15', '2018-05-12', 9, 7);

#진단(50개)
insert into diagnosis (id, disease, content, created_at, updated_at, deleted_at, patient_id, doctor_id) values (1, '독감', '고혈압', '2001-09-15', '2015-06-01', null, 8, 18);
insert into diagnosis (id, disease, content, created_at, updated_at, deleted_at, patient_id, doctor_id) values (2, '당뇨병', '소화불량', '2015-09-19', null, null, 11, 5);
insert into diagnosis (id, disease, content, created_at, updated_at, deleted_at, patient_id, doctor_id) values (3, '암', '고혈압', '2007-11-30', null, null, 20, 10);
insert into diagnosis (id, disease, content, created_at, updated_at, deleted_at, patient_id, doctor_id) values (4, '당뇨병', '고혈압', '2020-12-22', null, null, 8, 8);
insert into diagnosis (id, disease, content, created_at, updated_at, deleted_at, patient_id, doctor_id) values (5, '감기', '감기', '2018-11-15', null, null, 19, 20);
insert into diagnosis (id, disease, content, created_at, updated_at, deleted_at, patient_id, doctor_id) values (6, '감기', '감기', '2004-01-22', '2006-11-11', null, 19, 11);
insert into diagnosis (id, disease, content, created_at, updated_at, deleted_at, patient_id, doctor_id) values (7, '당뇨병', '소화불량', '2009-11-02', null, null, 15, 18);
insert into diagnosis (id, disease, content, created_at, updated_at, deleted_at, patient_id, doctor_id) values (8, '고혈압', '감기', '2012-11-04', '2018-01-17', null, 7, 9);
insert into diagnosis (id, disease, content, created_at, updated_at, deleted_at, patient_id, doctor_id) values (9, '감기', '당뇨병', '2020-04-27', null, null, 9, 3);
insert into diagnosis (id, disease, content, created_at, updated_at, deleted_at, patient_id, doctor_id) values (10, '고혈압', '두통', '2007-06-17', null, null, 3, 18);
insert into diagnosis (id, disease, content, created_at, updated_at, deleted_at, patient_id, doctor_id) values (11, '암', '당뇨병', '2003-03-18', '2005-01-03', null, 16, 7);
insert into diagnosis (id, disease, content, created_at, updated_at, deleted_at, patient_id, doctor_id) values (12, '고혈압', '당뇨병', '2001-05-21', null, null, 5, 18);
insert into diagnosis (id, disease, content, created_at, updated_at, deleted_at, patient_id, doctor_id) values (13, '독감', '당뇨병', '2014-09-10', null, null, 8, 18);
insert into diagnosis (id, disease, content, created_at, updated_at, deleted_at, patient_id, doctor_id) values (14, '독감', '두통', '2008-10-01', '2005-05-25', null, 15, 15);
insert into diagnosis (id, disease, content, created_at, updated_at, deleted_at, patient_id, doctor_id) values (15, '고혈압', '고혈압', '2008-02-28', null, '2010-07-25', 6, 6);
insert into diagnosis (id, disease, content, created_at, updated_at, deleted_at, patient_id, doctor_id) values (16, '암', '고혈압', '2014-07-13', '2020-10-14', null, 8, 14);
insert into diagnosis (id, disease, content, created_at, updated_at, deleted_at, patient_id, doctor_id) values (17, '독감', '당뇨병', '2003-10-14', null, null, 14, 13);
insert into diagnosis (id, disease, content, created_at, updated_at, deleted_at, patient_id, doctor_id) values (18, '고혈압', '감기', '2012-11-07', null, null, 17, 2);
insert into diagnosis (id, disease, content, created_at, updated_at, deleted_at, patient_id, doctor_id) values (19, '감기', '당뇨병', '2011-03-10', '2012-11-13', null, 18, 6);
insert into diagnosis (id, disease, content, created_at, updated_at, deleted_at, patient_id, doctor_id) values (20, '당뇨병', '소화불량', '2010-09-24', null, null, 9, 4);
insert into diagnosis (id, disease, content, created_at, updated_at, deleted_at, patient_id, doctor_id) values (21, '고혈압', '당뇨병', '2006-03-31', null, '2011-06-11', 12, 17);
insert into diagnosis (id, disease, content, created_at, updated_at, deleted_at, patient_id, doctor_id) values (22, '암', '고혈압', '2011-07-13', '2012-11-09', null, 19, 3);
insert into diagnosis (id, disease, content, created_at, updated_at, deleted_at, patient_id, doctor_id) values (23, '고혈압', '감기', '2010-03-17', null, null, 3, 6);
insert into diagnosis (id, disease, content, created_at, updated_at, deleted_at, patient_id, doctor_id) values (24, '고혈압', '소화불량', '2006-10-14', null, null, 8, 14);
insert into diagnosis (id, disease, content, created_at, updated_at, deleted_at, patient_id, doctor_id) values (25, '고혈압', '소화불량', '2019-07-22', null, null, 14, 13);
insert into diagnosis (id, disease, content, created_at, updated_at, deleted_at, patient_id, doctor_id) values (26, '암', '고혈압', '2004-04-24', null, null, 6, 13);
insert into diagnosis (id, disease, content, created_at, updated_at, deleted_at, patient_id, doctor_id) values (27, '암', '감기', '2019-12-24', null, null, 18, 12);
insert into diagnosis (id, disease, content, created_at, updated_at, deleted_at, patient_id, doctor_id) values (28, '독감', '고혈압', '2004-10-31', null, null, 2, 16);
insert into diagnosis (id, disease, content, created_at, updated_at, deleted_at, patient_id, doctor_id) values (29, '암', '두통', '2001-06-05', '2001-05-04', null, 5, 8);
insert into diagnosis (id, disease, content, created_at, updated_at, deleted_at, patient_id, doctor_id) values (30, '감기', '소화불량', '2010-07-20', '2016-07-05', null, 10, 8);
insert into diagnosis (id, disease, content, created_at, updated_at, deleted_at, patient_id, doctor_id) values (31, '독감', '두통', '2010-01-15', '2003-09-18', null, 14, 5);
insert into diagnosis (id, disease, content, created_at, updated_at, deleted_at, patient_id, doctor_id) values (32, '독감', '두통', '2019-04-26', null, null, 4, 11);
insert into diagnosis (id, disease, content, created_at, updated_at, deleted_at, patient_id, doctor_id) values (33, '독감', '고혈압', '2014-09-22', null, null, 6, 17);
insert into diagnosis (id, disease, content, created_at, updated_at, deleted_at, patient_id, doctor_id) values (34, '감기', '소화불량', '2005-05-27', '2005-02-08', null, 18, 8);
insert into diagnosis (id, disease, content, created_at, updated_at, deleted_at, patient_id, doctor_id) values (35, '암', '두통', '2009-02-11', null, '2013-04-02', 9, 3);
insert into diagnosis (id, disease, content, created_at, updated_at, deleted_at, patient_id, doctor_id) values (36, '당뇨병', '감기', '2002-10-10', '2015-01-13', '2018-02-24', 13, 18);
insert into diagnosis (id, disease, content, created_at, updated_at, deleted_at, patient_id, doctor_id) values (37, '당뇨병', '두통', '2007-10-02', null, null, 16, 3);
insert into diagnosis (id, disease, content, created_at, updated_at, deleted_at, patient_id, doctor_id) values (38, '당뇨병', '소화불량', '2007-03-05', '2014-10-12', null, 11, 18);
insert into diagnosis (id, disease, content, created_at, updated_at, deleted_at, patient_id, doctor_id) values (39, '당뇨병', '소화불량', '2011-02-15', null, null, 8, 7);
insert into diagnosis (id, disease, content, created_at, updated_at, deleted_at, patient_id, doctor_id) values (40, '당뇨병', '감기', '2005-11-03', null, null, 3, 9);
insert into diagnosis (id, disease, content, created_at, updated_at, deleted_at, patient_id, doctor_id) values (41, '감기', '두통', '2003-09-27', null, null, 8, 2);
insert into diagnosis (id, disease, content, created_at, updated_at, deleted_at, patient_id, doctor_id) values (42, '감기', '당뇨병', '2020-01-04', '2010-05-29', null, 15, 3);
insert into diagnosis (id, disease, content, created_at, updated_at, deleted_at, patient_id, doctor_id) values (43, '암', '감기', '2014-02-11', '2008-02-11', null, 13, 13);
insert into diagnosis (id, disease, content, created_at, updated_at, deleted_at, patient_id, doctor_id) values (44, '암', '소화불량', '2009-09-07', '2012-09-18', null, 4, 10);
insert into diagnosis (id, disease, content, created_at, updated_at, deleted_at, patient_id, doctor_id) values (45, '당뇨병', '두통', '2009-08-01', null, null, 6, 19);
insert into diagnosis (id, disease, content, created_at, updated_at, deleted_at, patient_id, doctor_id) values (46, '고혈압', '소화불량', '2008-03-08', '2010-03-10', null, 15, 19);
insert into diagnosis (id, disease, content, created_at, updated_at, deleted_at, patient_id, doctor_id) values (47, '당뇨병', '소화불량', '2013-06-23', null, null, 6, 18);
insert into diagnosis (id, disease, content, created_at, updated_at, deleted_at, patient_id, doctor_id) values (48, '암', '감기', '2009-04-15', '2016-01-08', null, 12, 9);
insert into diagnosis (id, disease, content, created_at, updated_at, deleted_at, patient_id, doctor_id) values (49, '독감', '두통', '2014-12-14', null, null, 6, 15);
insert into diagnosis (id, disease, content, created_at, updated_at, deleted_at, patient_id, doctor_id) values (50, '암', '고혈압', '2002-03-03', null, '2014-07-14', 3, 15);

# 진단이미지(50개)
insert into diagnosis_image (id, path, created_at, updated_at, deleted_at, diagnosis_id) values (1, 'http://dummyimage.com/139x100.png/ff4444/ffffff', '2003-09-23', null, null, 29);
insert into diagnosis_image (id, path, created_at, updated_at, deleted_at, diagnosis_id) values (2, 'http://dummyimage.com/120x100.png/5fa2dd/ffffff', '2018-12-05', '2009-09-30', null, 4);
insert into diagnosis_image (id, path, created_at, updated_at, deleted_at, diagnosis_id) values (3, 'http://dummyimage.com/154x100.png/5fa2dd/ffffff', '2011-01-01', '2009-08-18', null, 9);
insert into diagnosis_image (id, path, created_at, updated_at, deleted_at, diagnosis_id) values (4, 'http://dummyimage.com/246x100.png/cc0000/ffffff', '2004-02-23', null, null, 17);
insert into diagnosis_image (id, path, created_at, updated_at, deleted_at, diagnosis_id) values (5, 'http://dummyimage.com/123x100.png/cc0000/ffffff', '2004-09-27', '2018-08-14', '2013-07-24', 23);
insert into diagnosis_image (id, path, created_at, updated_at, deleted_at, diagnosis_id) values (6, 'http://dummyimage.com/232x100.png/ff4444/ffffff', '2019-11-04', null, null, 30);
insert into diagnosis_image (id, path, created_at, updated_at, deleted_at, diagnosis_id) values (7, 'http://dummyimage.com/206x100.png/ff4444/ffffff', '2016-01-25', '2015-04-10', null, 25);
insert into diagnosis_image (id, path, created_at, updated_at, deleted_at, diagnosis_id) values (8, 'http://dummyimage.com/116x100.png/cc0000/ffffff', '2002-12-07', '2019-08-11', null, 22);
insert into diagnosis_image (id, path, created_at, updated_at, deleted_at, diagnosis_id) values (9, 'http://dummyimage.com/171x100.png/5fa2dd/ffffff', '2003-04-07', '2006-01-30', null, 12);
insert into diagnosis_image (id, path, created_at, updated_at, deleted_at, diagnosis_id) values (10, 'http://dummyimage.com/140x100.png/dddddd/000000', '2002-01-02', null, null, 15);
insert into diagnosis_image (id, path, created_at, updated_at, deleted_at, diagnosis_id) values (11, 'http://dummyimage.com/136x100.png/cc0000/ffffff', '2007-03-24', null, null, 36);
insert into diagnosis_image (id, path, created_at, updated_at, deleted_at, diagnosis_id) values (12, 'http://dummyimage.com/186x100.png/dddddd/000000', '2020-10-04', '2006-06-14', null, 43);
insert into diagnosis_image (id, path, created_at, updated_at, deleted_at, diagnosis_id) values (13, 'http://dummyimage.com/227x100.png/dddddd/000000', '2001-04-01', '2010-03-26', null, 11);
insert into diagnosis_image (id, path, created_at, updated_at, deleted_at, diagnosis_id) values (14, 'http://dummyimage.com/209x100.png/dddddd/000000', '2004-01-04', null, null, 41);
insert into diagnosis_image (id, path, created_at, updated_at, deleted_at, diagnosis_id) values (15, 'http://dummyimage.com/164x100.png/ff4444/ffffff', '2001-06-01', null, '2010-05-29', 9);
insert into diagnosis_image (id, path, created_at, updated_at, deleted_at, diagnosis_id) values (16, 'http://dummyimage.com/132x100.png/ff4444/ffffff', '2008-09-07', '2012-04-28', null, 28);
insert into diagnosis_image (id, path, created_at, updated_at, deleted_at, diagnosis_id) values (17, 'http://dummyimage.com/220x100.png/ff4444/ffffff', '2011-03-10', '2007-02-20', null, 11);
insert into diagnosis_image (id, path, created_at, updated_at, deleted_at, diagnosis_id) values (18, 'http://dummyimage.com/177x100.png/ff4444/ffffff', '2012-03-10', null, null, 23);
insert into diagnosis_image (id, path, created_at, updated_at, deleted_at, diagnosis_id) values (19, 'http://dummyimage.com/121x100.png/ff4444/ffffff', '2013-02-25', '2003-05-03', null, 33);
insert into diagnosis_image (id, path, created_at, updated_at, deleted_at, diagnosis_id) values (20, 'http://dummyimage.com/152x100.png/ff4444/ffffff', '2014-02-22', null, null, 33);
insert into diagnosis_image (id, path, created_at, updated_at, deleted_at, diagnosis_id) values (21, 'http://dummyimage.com/228x100.png/ff4444/ffffff', '2010-08-04', '2008-05-16', null, 40);
insert into diagnosis_image (id, path, created_at, updated_at, deleted_at, diagnosis_id) values (22, 'http://dummyimage.com/208x100.png/ff4444/ffffff', '2001-06-23', '2016-06-03', null, 26);
insert into diagnosis_image (id, path, created_at, updated_at, deleted_at, diagnosis_id) values (23, 'http://dummyimage.com/241x100.png/ff4444/ffffff', '2005-06-15', null, null, 9);
insert into diagnosis_image (id, path, created_at, updated_at, deleted_at, diagnosis_id) values (24, 'http://dummyimage.com/198x100.png/ff4444/ffffff', '2015-10-24', null, null, 42);
insert into diagnosis_image (id, path, created_at, updated_at, deleted_at, diagnosis_id) values (25, 'http://dummyimage.com/110x100.png/dddddd/000000', '2006-09-19', null, null, 45);
insert into diagnosis_image (id, path, created_at, updated_at, deleted_at, diagnosis_id) values (26, 'http://dummyimage.com/114x100.png/cc0000/ffffff', '2004-06-15', '2012-03-21', null, 40);
insert into diagnosis_image (id, path, created_at, updated_at, deleted_at, diagnosis_id) values (27, 'http://dummyimage.com/164x100.png/dddddd/000000', '2005-02-02', '2020-01-01', '2021-05-28', 49);
insert into diagnosis_image (id, path, created_at, updated_at, deleted_at, diagnosis_id) values (28, 'http://dummyimage.com/130x100.png/ff4444/ffffff', '2014-10-09', null, '2010-12-11', 25);
insert into diagnosis_image (id, path, created_at, updated_at, deleted_at, diagnosis_id) values (29, 'http://dummyimage.com/109x100.png/ff4444/ffffff', '2008-12-15', null, null, 30);
insert into diagnosis_image (id, path, created_at, updated_at, deleted_at, diagnosis_id) values (30, 'http://dummyimage.com/170x100.png/ff4444/ffffff', '2009-03-05', null, '2017-12-18', 3);
insert into diagnosis_image (id, path, created_at, updated_at, deleted_at, diagnosis_id) values (31, 'http://dummyimage.com/170x100.png/dddddd/000000', '2006-04-10', '2010-10-19', null, 40);
insert into diagnosis_image (id, path, created_at, updated_at, deleted_at, diagnosis_id) values (32, 'http://dummyimage.com/174x100.png/dddddd/000000', '2009-05-21', '2011-05-22', null, 2);
insert into diagnosis_image (id, path, created_at, updated_at, deleted_at, diagnosis_id) values (33, 'http://dummyimage.com/191x100.png/dddddd/000000', '2020-12-30', '2001-01-07', null, 17);
insert into diagnosis_image (id, path, created_at, updated_at, deleted_at, diagnosis_id) values (34, 'http://dummyimage.com/159x100.png/dddddd/000000', '2003-02-21', '2014-10-14', null, 29);
insert into diagnosis_image (id, path, created_at, updated_at, deleted_at, diagnosis_id) values (35, 'http://dummyimage.com/194x100.png/5fa2dd/ffffff', '2012-03-10', '2017-08-28', null, 42);
insert into diagnosis_image (id, path, created_at, updated_at, deleted_at, diagnosis_id) values (36, 'http://dummyimage.com/242x100.png/cc0000/ffffff', '2013-07-03', null, null, 25);
insert into diagnosis_image (id, path, created_at, updated_at, deleted_at, diagnosis_id) values (37, 'http://dummyimage.com/197x100.png/dddddd/000000', '2001-10-02', '2003-04-06', null, 50);
insert into diagnosis_image (id, path, created_at, updated_at, deleted_at, diagnosis_id) values (38, 'http://dummyimage.com/248x100.png/ff4444/ffffff', '2019-08-24', null, null, 45);
insert into diagnosis_image (id, path, created_at, updated_at, deleted_at, diagnosis_id) values (39, 'http://dummyimage.com/149x100.png/dddddd/000000', '2005-12-04', null, null, 17);
insert into diagnosis_image (id, path, created_at, updated_at, deleted_at, diagnosis_id) values (40, 'http://dummyimage.com/218x100.png/dddddd/000000', '2008-01-31', null, null, 13);
insert into diagnosis_image (id, path, created_at, updated_at, deleted_at, diagnosis_id) values (41, 'http://dummyimage.com/179x100.png/cc0000/ffffff', '2009-06-13', null, null, 33);
insert into diagnosis_image (id, path, created_at, updated_at, deleted_at, diagnosis_id) values (42, 'http://dummyimage.com/117x100.png/ff4444/ffffff', '2010-05-10', '2004-06-01', null, 6);
insert into diagnosis_image (id, path, created_at, updated_at, deleted_at, diagnosis_id) values (43, 'http://dummyimage.com/114x100.png/cc0000/ffffff', '2020-03-25', null, '2020-04-02', 9);
insert into diagnosis_image (id, path, created_at, updated_at, deleted_at, diagnosis_id) values (44, 'http://dummyimage.com/239x100.png/ff4444/ffffff', '2011-03-05', null, null, 50);
insert into diagnosis_image (id, path, created_at, updated_at, deleted_at, diagnosis_id) values (45, 'http://dummyimage.com/249x100.png/dddddd/000000', '2013-05-18', '2015-11-01', null, 15);
insert into diagnosis_image (id, path, created_at, updated_at, deleted_at, diagnosis_id) values (46, 'http://dummyimage.com/209x100.png/ff4444/ffffff', '2016-09-11', '2001-01-04', null, 22);
insert into diagnosis_image (id, path, created_at, updated_at, deleted_at, diagnosis_id) values (47, 'http://dummyimage.com/169x100.png/cc0000/ffffff', '2012-11-18', null, null, 37);
insert into diagnosis_image (id, path, created_at, updated_at, deleted_at, diagnosis_id) values (48, 'http://dummyimage.com/175x100.png/5fa2dd/ffffff', '2020-11-28', null, '2012-03-06', 43);
insert into diagnosis_image (id, path, created_at, updated_at, deleted_at, diagnosis_id) values (49, 'http://dummyimage.com/115x100.png/dddddd/000000', '2007-11-03', '2013-07-14', null, 12);
insert into diagnosis_image (id, path, created_at, updated_at, deleted_at, diagnosis_id) values (50, 'http://dummyimage.com/243x100.png/cc0000/ffffff', '2014-01-23', '2019-09-28', null, 26);

# 처방(50개)
insert into prescription (id, special_notes, medication_name, medication_schedule, total_days, daily_dosage, created_at, updated_at, deleted_at, diagnosis_id) values (1, '혈액형 O', '삐콤정', '점심', 3569, 282, '2017-04-29', null, null, 33);
insert into prescription (id, special_notes, medication_name, medication_schedule, total_days, daily_dosage, created_at, updated_at, deleted_at, diagnosis_id) values (2, '혈액형 O', '삐콤정', '점심', 2474, 933, '2020-07-01', null, '2003-11-26', 5);
insert into prescription (id, special_notes, medication_name, medication_schedule, total_days, daily_dosage, created_at, updated_at, deleted_at, diagnosis_id) values (3, '혈액형 AB', '자모', '취침전', 3746, 967, '2010-09-27', '2010-09-05', null, 21);
insert into prescription (id, special_notes, medication_name, medication_schedule, total_days, daily_dosage, created_at, updated_at, deleted_at, diagnosis_id) values (4, '혈액형 AB', '아네모정', '아침', 3163, 448, '2017-09-29', null, null, 8);
insert into prescription (id, special_notes, medication_name, medication_schedule, total_days, daily_dosage, created_at, updated_at, deleted_at, diagnosis_id) values (5, '알레르기 없음', '아네모정', '점심', 2774, 603, '2002-01-15', null, null, 33);
insert into prescription (id, special_notes, medication_name, medication_schedule, total_days, daily_dosage, created_at, updated_at, deleted_at, diagnosis_id) values (6, '혈액형 AB', '자모', '아침', 3278, 179, '2015-12-17', '2015-05-13', '2007-02-11', 41);
insert into prescription (id, special_notes, medication_name, medication_schedule, total_days, daily_dosage, created_at, updated_at, deleted_at, diagnosis_id) values (7, '혈액형 AB', '신신티눈고(살리실산반창고)(수출명:SINSINCORNPLASTER)', '저녁', 3119, 512, '2011-03-30', '2006-11-28', null, 17);
insert into prescription (id, special_notes, medication_name, medication_schedule, total_days, daily_dosage, created_at, updated_at, deleted_at, diagnosis_id) values (8, '알레르기 없음', '활명수', '점심', 2677, 646, '2018-12-24', '2018-07-22', '2005-05-14', 26);
insert into prescription (id, special_notes, medication_name, medication_schedule, total_days, daily_dosage, created_at, updated_at, deleted_at, diagnosis_id) values (9, '혈액형 B', '자모', '점심', 2395, 697, '2005-08-01', null, '2009-07-03', 37);
insert into prescription (id, special_notes, medication_name, medication_schedule, total_days, daily_dosage, created_at, updated_at, deleted_at, diagnosis_id) values (10, '혈액형 B', '신신티눈고(살리실산반창고)(수출명:SINSINCORNPLASTER)', '취침전', 2303, 291, '2011-12-15', null, null, 37);
insert into prescription (id, special_notes, medication_name, medication_schedule, total_days, daily_dosage, created_at, updated_at, deleted_at, diagnosis_id) values (11, '혈액형 AB', '활명수', '저녁', 306, 11, '2009-11-24', null, null, 5);
insert into prescription (id, special_notes, medication_name, medication_schedule, total_days, daily_dosage, created_at, updated_at, deleted_at, diagnosis_id) values (12, '혈액형 A', '아네모정', '점심', 3243, 175, '2012-06-30', null, '2006-07-30', 29);
insert into prescription (id, special_notes, medication_name, medication_schedule, total_days, daily_dosage, created_at, updated_at, deleted_at, diagnosis_id) values (13, '혈액형 A', '아네모정', '취침전', 2413, 175, '2006-02-24', null, null, 38);
insert into prescription (id, special_notes, medication_name, medication_schedule, total_days, daily_dosage, created_at, updated_at, deleted_at, diagnosis_id) values (14, '알레르기 없음', '아네모정', '점심', 3299, 824, '2005-01-07', null, null, 42);
insert into prescription (id, special_notes, medication_name, medication_schedule, total_days, daily_dosage, created_at, updated_at, deleted_at, diagnosis_id) values (15, '혈액형 O', '삐콤정', '취침전', 3888, 506, '2019-02-18', '2004-10-13', null, 22);
insert into prescription (id, special_notes, medication_name, medication_schedule, total_days, daily_dosage, created_at, updated_at, deleted_at, diagnosis_id) values (16, '혈액형 B', '활명수', '취침전', 1054, 577, '2002-04-13', '2009-07-24', null, 43);
insert into prescription (id, special_notes, medication_name, medication_schedule, total_days, daily_dosage, created_at, updated_at, deleted_at, diagnosis_id) values (17, '혈액형 AB', '신신티눈고(살리실산반창고)(수출명:SINSINCORNPLASTER)', '저녁', 2732, 194, '2015-07-04', '2015-10-10', null, 45);
insert into prescription (id, special_notes, medication_name, medication_schedule, total_days, daily_dosage, created_at, updated_at, deleted_at, diagnosis_id) values (18, '알레르기 없음', '아네모정', '취침전', 2174, 293, '2003-01-17', null, null, 31);
insert into prescription (id, special_notes, medication_name, medication_schedule, total_days, daily_dosage, created_at, updated_at, deleted_at, diagnosis_id) values (19, '혈액형 B', '자모', '취침전', 964, 686, '2009-04-30', '2017-11-10', null, 17);
insert into prescription (id, special_notes, medication_name, medication_schedule, total_days, daily_dosage, created_at, updated_at, deleted_at, diagnosis_id) values (20, '혈액형 B', '활명수', '아침', 2328, 942, '2003-10-03', '2001-03-12', null, 28);
insert into prescription (id, special_notes, medication_name, medication_schedule, total_days, daily_dosage, created_at, updated_at, deleted_at, diagnosis_id) values (21, '혈액형 O', '삐콤정', '저녁', 4890, 936, '2020-05-21', '2005-11-14', null, 38);
insert into prescription (id, special_notes, medication_name, medication_schedule, total_days, daily_dosage, created_at, updated_at, deleted_at, diagnosis_id) values (22, '혈액형 O', '아네모정', '아침', 2338, 899, '2004-12-04', null, null, 19);
insert into prescription (id, special_notes, medication_name, medication_schedule, total_days, daily_dosage, created_at, updated_at, deleted_at, diagnosis_id) values (23, '혈액형 AB', '아네모정', '점심', 2448, 891, '2015-09-10', '2014-06-01', '2014-05-26', 27);
insert into prescription (id, special_notes, medication_name, medication_schedule, total_days, daily_dosage, created_at, updated_at, deleted_at, diagnosis_id) values (24, '혈액형 O', '삐콤정', '저녁', 215, 312, '2015-07-16', '2019-12-19', null, 16);
insert into prescription (id, special_notes, medication_name, medication_schedule, total_days, daily_dosage, created_at, updated_at, deleted_at, diagnosis_id) values (25, '혈액형 A', '아네모정', '취침전', 3421, 712, '2002-06-18', null, null, 12);
insert into prescription (id, special_notes, medication_name, medication_schedule, total_days, daily_dosage, created_at, updated_at, deleted_at, diagnosis_id) values (26, '혈액형 AB', '아네모정', '취침전', 2634, 38, '2008-01-27', '2011-02-27', null, 45);
insert into prescription (id, special_notes, medication_name, medication_schedule, total_days, daily_dosage, created_at, updated_at, deleted_at, diagnosis_id) values (27, '혈액형 AB', '아네모정', '점심', 1773, 304, '2003-01-31', '2006-04-02', null, 14);
insert into prescription (id, special_notes, medication_name, medication_schedule, total_days, daily_dosage, created_at, updated_at, deleted_at, diagnosis_id) values (28, '혈액형 B', '자모', '점심', 3519, 819, '2017-02-06', '2012-12-20', null, 39);
insert into prescription (id, special_notes, medication_name, medication_schedule, total_days, daily_dosage, created_at, updated_at, deleted_at, diagnosis_id) values (29, '혈액형 AB', '자모', '아침', 4467, 502, '2016-11-11', null, '2013-11-18', 3);
insert into prescription (id, special_notes, medication_name, medication_schedule, total_days, daily_dosage, created_at, updated_at, deleted_at, diagnosis_id) values (30, '혈액형 O', '활명수', '취침전', 4188, 442, '2016-12-03', null, null, 25);
insert into prescription (id, special_notes, medication_name, medication_schedule, total_days, daily_dosage, created_at, updated_at, deleted_at, diagnosis_id) values (31, '혈액형 O', '삐콤정', '취침전', 293, 6, '2003-09-18', '2018-04-21', null, 9);
insert into prescription (id, special_notes, medication_name, medication_schedule, total_days, daily_dosage, created_at, updated_at, deleted_at, diagnosis_id) values (32, '혈액형 B', '아네모정', '아침', 201, 986, '2010-09-01', '2011-06-09', null, 50);
insert into prescription (id, special_notes, medication_name, medication_schedule, total_days, daily_dosage, created_at, updated_at, deleted_at, diagnosis_id) values (33, '혈액형 A', '자모', '취침전', 4665, 885, '2015-08-02', null, null, 24);
insert into prescription (id, special_notes, medication_name, medication_schedule, total_days, daily_dosage, created_at, updated_at, deleted_at, diagnosis_id) values (34, '혈액형 B', '신신티눈고(살리실산반창고)(수출명:SINSINCORNPLASTER)', '아침', 3869, 701, '2002-04-13', '2011-06-03', null, 23);
insert into prescription (id, special_notes, medication_name, medication_schedule, total_days, daily_dosage, created_at, updated_at, deleted_at, diagnosis_id) values (35, '혈액형 O', '신신티눈고(살리실산반창고)(수출명:SINSINCORNPLASTER)', '취침전', 2045, 585, '2019-07-12', null, null, 31);
insert into prescription (id, special_notes, medication_name, medication_schedule, total_days, daily_dosage, created_at, updated_at, deleted_at, diagnosis_id) values (36, '혈액형 AB', '활명수', '취침전', 3540, 932, '2011-06-26', '2011-11-16', null, 15);
insert into prescription (id, special_notes, medication_name, medication_schedule, total_days, daily_dosage, created_at, updated_at, deleted_at, diagnosis_id) values (37, '알레르기 없음', '활명수', '저녁', 4809, 557, '2003-02-17', null, null, 48);
insert into prescription (id, special_notes, medication_name, medication_schedule, total_days, daily_dosage, created_at, updated_at, deleted_at, diagnosis_id) values (38, '혈액형 B', '자모', '아침', 1349, 283, '2010-09-01', null, null, 35);
insert into prescription (id, special_notes, medication_name, medication_schedule, total_days, daily_dosage, created_at, updated_at, deleted_at, diagnosis_id) values (39, '알레르기 없음', '삐콤정', '저녁', 537, 17, '2013-08-20', null, null, 34);
insert into prescription (id, special_notes, medication_name, medication_schedule, total_days, daily_dosage, created_at, updated_at, deleted_at, diagnosis_id) values (40, '혈액형 AB', '삐콤정', '저녁', 3263, 345, '2006-02-10', null, null, 33);
insert into prescription (id, special_notes, medication_name, medication_schedule, total_days, daily_dosage, created_at, updated_at, deleted_at, diagnosis_id) values (41, '혈액형 A', '활명수', '아침', 2343, 677, '2012-07-21', null, null, 17);
insert into prescription (id, special_notes, medication_name, medication_schedule, total_days, daily_dosage, created_at, updated_at, deleted_at, diagnosis_id) values (42, '혈액형 AB', '자모', '아침', 2953, 737, '2005-09-23', '2014-01-21', null, 7);
insert into prescription (id, special_notes, medication_name, medication_schedule, total_days, daily_dosage, created_at, updated_at, deleted_at, diagnosis_id) values (43, '혈액형 A', '활명수', '아침', 460, 163, '2004-01-21', '2015-01-01', null, 5);
insert into prescription (id, special_notes, medication_name, medication_schedule, total_days, daily_dosage, created_at, updated_at, deleted_at, diagnosis_id) values (44, '혈액형 B', '아네모정', '취침전', 1148, 536, '2007-04-08', null, '2018-03-28', 24);
insert into prescription (id, special_notes, medication_name, medication_schedule, total_days, daily_dosage, created_at, updated_at, deleted_at, diagnosis_id) values (45, '혈액형 B', '아네모정', '취침전', 4014, 149, '2014-02-11', '2002-06-17', null, 39);
insert into prescription (id, special_notes, medication_name, medication_schedule, total_days, daily_dosage, created_at, updated_at, deleted_at, diagnosis_id) values (46, '알레르기 없음', '삐콤정', '저녁', 4208, 690, '2001-08-28', null, null, 42);
insert into prescription (id, special_notes, medication_name, medication_schedule, total_days, daily_dosage, created_at, updated_at, deleted_at, diagnosis_id) values (47, '알레르기 없음', '삐콤정', '저녁', 505, 253, '2014-09-22', '2011-11-21', null, 16);
insert into prescription (id, special_notes, medication_name, medication_schedule, total_days, daily_dosage, created_at, updated_at, deleted_at, diagnosis_id) values (48, '혈액형 A', '아네모정', '취침전', 426, 22, '2015-05-21', null, '2004-10-13', 28);
insert into prescription (id, special_notes, medication_name, medication_schedule, total_days, daily_dosage, created_at, updated_at, deleted_at, diagnosis_id) values (49, '알레르기 없음', '활명수', '점심', 4803, 906, '2004-09-22', null, null, 8);
insert into prescription (id, special_notes, medication_name, medication_schedule, total_days, daily_dosage, created_at, updated_at, deleted_at, diagnosis_id) values (50, '혈액형 B', '신신티눈고(살리실산반창고)(수출명:SINSINCORNPLASTER)', '아침', 4800, 942, '2003-01-07', null, null, 18);